tank_capacity,current_level,residents,daily_usage,rainfall,season,days_left
10700,1018,36,4307.298198096039,6.478662396468211,winter,0.24
12672,9100,50,6724.69620479049,7.484768730129581,summer,1.35
8618,3725,19,2928.9599249763864,7.045614293761845,winter,1.27
5613,2537,24,3461.9141966270927,8.365875149789371,summer,0.73
12041,8849,28,3528.505924323482,6.299877976838716,summer,2.51
8184,4730,28,4099.14324835112,6.4760713472468145,summer,1.15
11585,3853,13,2337.919422727572,5.367220525255233,summer,1.65
15042,11360,42,4278.010626568185,7.094696071777187,monsoon,2.66
11311,4610,38,4472.935680984718,7.0018449359677515,monsoon,1.03
9879,8417,22,3496.3683880150497,6.201107723366138,summer,2.41
9823,7004,29,4531.77331691763,2.4798900860128925,winter,1.55
15143,14730,26,2892.38955039468,3.958821842394765,winter,5.09
14461,4469,41,6533.12624142816,3.402213294484435,winter,0.68
19661,6069,6,682.4003645104224,7.41823681697668,winter,8.89
11220,9878,37,4769.508638972269,6.141976270497547,summer,2.07
6804,4716,42,5987.682106737371,5.704854494356381,winter,0.79
6838,1847,31,4370.847320533537,3.0969531693658636,monsoon,0.42
16193,2420,17,2303.7798900065395,2.7552404603771565,winter,1.05
13353,4206,24,3473.332339094832,8.24038978829749,summer,1.21
13031,12743,40,5672.101591814863,8.341513768112804,winter,2.25
11528,11382,31,3819.6711418896803,9.104220004374895,summer,2.98
14177,1523,44,6695.479174568121,0.9306391788951307,monsoon,0.23
5695,2801,36,6117.018010429125,0.8927409215313675,summer,0.46
9275,8119,25,4635.086321806821,3.129752184222631,summer,1.75
7251,3963,28,3388.2297305290476,0.17489894815533202,monsoon,1.17
16460,7138,31,3397.4684484281156,3.7847747400395324,monsoon,2.1
19291,10305,14,2645.8077024654326,4.694391551021897,summer,3.89
9265,1632,30,3833.776819607787,1.3676417285375286,winter,0.43
10110,5102,40,4773.371875362212,7.450346943851933,monsoon,1.07
9572,5002,33,4986.265396518765,6.283389800227126,winter,1.0
14374,5409,5,707.11828225105,3.068680830448407,winter,7.65
14126,7524,47,7246.093056202683,5.9345029558296005,summer,1.04
10221,5208,34,4333.048289490143,0.4270315181210782,winter,1.2
19574,11465,13,1594.3605026269856,1.7126609229023593,monsoon,7.19
6854,4518,10,1314.889125450681,6.071244720615864,winter,3.44
6555,4416,35,4589.855791056442,5.93020727832948,winter,0.96
10108,4501,40,3733.786415272914,8.920557635604487,monsoon,1.21
16933,9076,22,4062.974781865215,0.7197350702766214,summer,2.23
15789,15067,26,2632.0412770696057,7.624580659687599,monsoon,5.72
15216,1985,18,1775.5062092083974,7.161651216733524,monsoon,1.12
14194,11050,5,675.3307939503355,1.2546318661470124,monsoon,16.36
9497,8645,38,5243.104599163662,2.933946011068851,monsoon,1.65
18779,14863,6,572.2014634268526,7.080112493938939,monsoon,25.98
7257,4908,46,5746.632217090778,7.171906387657858,winter,0.85
11906,9675,5,503.6733896902439,9.496849893427273,monsoon,19.21
14312,1066,48,6094.073578681134,8.406687641201536,summer,0.17
7316,3921,47,7894.903698925862,4.368325280890083,summer,0.5
17246,4919,22,2910.960290296223,5.7856468941773045,summer,1.69
11056,4158,12,2344.833508901707,4.122769086111449,summer,1.77
14484,10154,10,923.1072934299858,7.628722983320927,monsoon,11.0
17507,12204,40,4246.985372473097,6.972711588407097,monsoon,2.87
6792,1368,21,2320.9436057061225,2.356513049667136,monsoon,0.59
14469,7869,44,5983.579273049779,8.621174877259413,summer,1.32
9250,3818,43,6260.591389006179,2.388426095274659,summer,0.61
8302,4452,42,7142.258544417033,8.222357347041525,summer,0.62
6893,2583,5,794.5345839193993,7.791056459312648,summer,3.25
14570,3044,18,2091.337140497819,7.402999178833788,monsoon,1.46
15557,8956,36,3554.4953639505,9.404189285608247,winter,2.52
17283,12118,6,894.2136091500195,1.8672039968068388,summer,13.55
11388,2433,50,4863.436727102802,9.209468064407748,monsoon,0.5
11521,6316,40,6278.9567007480855,5.831344264748809,winter,1.01
15180,6645,42,4342.935921289822,6.990334898735263,monsoon,1.53
16222,10971,44,7150.197432625007,4.3448512065662825,winter,1.53
9432,7361,12,1405.001680662284,3.4177296067441034,monsoon,5.24
9493,6451,23,2414.778030372078,7.923153097348149,winter,2.67
18908,6696,43,6542.140759785597,1.4657988516170806,winter,1.02
19765,16493,9,1017.4877598904044,0.9898889429901458,monsoon,16.21
14784,13766,50,6903.674576969628,9.880905862203866,winter,1.99
17548,2771,11,1686.7813813135538,3.9854913975769914,summer,1.64
5343,3089,35,4787.133892249294,5.580850342536926,summer,0.65
7439,7327,49,5483.5435311704805,9.346930258042637,winter,1.34
18638,6471,19,2282.3053995906284,9.94788727561062,monsoon,2.84
10581,2058,14,2347.041091751268,9.026210375520694,summer,0.88
15474,5639,27,3189.6519448364766,4.089256749926804,monsoon,1.77
10935,8981,36,4794.81402904873,4.842209190281189,monsoon,1.87
6208,3331,12,1541.9402382927315,5.701972829865304,summer,2.16
14632,3164,27,4530.755776593956,1.4915833260791767,summer,0.7
19504,19366,45,6911.255376293705,0.006068005637427376,monsoon,2.8
7126,2116,30,5676.466424375447,4.685435373826168,summer,0.37
16251,13804,49,6553.460502887118,5.267947911489625,summer,2.11
13215,4354,23,2518.7893789999107,3.8843047266978603,monsoon,1.73
17240,6103,17,2609.4547964140606,1.1175726247804252,summer,2.34
16093,6593,42,7745.701222125195,1.681053456865964,summer,0.85
10186,4958,34,5482.5151576321305,0.14376859222948957,monsoon,0.9
12117,7205,35,6476.377740501926,5.957370529498149,summer,1.11
13124,9126,40,5740.577710551285,4.723910497578356,summer,1.59
15137,14857,13,1286.9626608998108,9.321612435521677,monsoon,11.54
9496,3482,42,8380.667328856794,3.142790381589151,summer,0.42
10292,5308,13,1909.9140964687354,4.374961381040259,monsoon,2.78
11289,3165,13,1512.995174650733,9.062908028648446,winter,2.09
18323,6899,16,1867.3461782882541,4.118699807193358,winter,3.69
8973,6974,14,2172.129631142781,3.846158454084777,summer,3.21
6155,3898,13,2073.130651289814,0.9285520829715288,winter,1.88
13363,5475,10,1153.281532201526,4.352089852673878,winter,4.75
11724,3213,46,5726.1263544337535,8.076100205684105,summer,0.56
17083,2777,9,1744.7557111449926,4.080425895172278,summer,1.59
10101,6943,33,3957.208865984066,0.5273420745113977,winter,1.75
13058,7469,8,1032.0500986417403,5.475412838584505,monsoon,7.24
8982,1889,22,3110.1680283941632,7.98834098115735,summer,0.61
7756,5654,32,4415.084833380305,5.152445110626889,winter,1.28
19855,5843,22,2848.599994684088,2.6581144652658892,monsoon,2.05
12379,12211,5,691.3060013945385,1.3925964278652125,monsoon,17.66
8411,1902,19,2676.180043356047,5.742303124514054,summer,0.71
18316,15990,48,7040.506884200417,8.965355563985796,summer,2.27
17324,15325,39,4757.009783549535,2.112581091702934,monsoon,3.22
8261,1323,34,3905.441171592834,3.130661843765142,winter,0.34
19172,18301,19,1996.8609460406185,9.22939286840848,monsoon,9.16
19445,18014,5,656.7692669953872,4.647661736462439,monsoon,27.43
12897,10365,40,5843.826285776284,7.268738039277114,winter,1.77
8665,1015,50,7670.118456931418,0.7565829832316373,monsoon,0.13
16814,6735,35,3431.388489569994,9.557568554542755,monsoon,1.96
5144,4589,49,5311.740459420661,9.901605603725834,winter,0.86
15271,5727,31,2981.4975400549492,8.316700002947522,monsoon,1.92
7956,1385,26,2877.869228337144,3.5594842599944387,monsoon,0.48
10161,7890,47,8341.551003264663,2.4417044725599335,summer,0.95
16402,1346,41,4574.220613755272,6.105336816599784,monsoon,0.29
14937,13773,15,1431.161939776279,8.193744291810596,monsoon,9.62
9416,2529,39,5222.314552714781,5.004325724974131,monsoon,0.48
6592,5007,50,5384.299334920982,0.400744340478818,monsoon,0.93
8802,8027,34,6584.075338432417,3.9893394514528655,summer,1.22
6386,2408,41,5526.794441544379,9.346719919953244,winter,0.44
9320,3683,48,5612.12746992737,5.954803296184346,winter,0.66
5423,4093,15,2336.662195516975,7.5042564808286985,summer,1.75
15371,9616,12,1588.466153357999,8.964091461704616,summer,6.05
5071,2800,49,6846.35633069154,1.5719510969469008,winter,0.41
12304,7344,45,7580.607895526542,7.637656329964772,summer,0.97
10980,8489,32,4375.123198888064,2.1419996910118466,winter,1.94
8334,5844,20,2897.899022557469,0.7522329262314686,monsoon,2.02
13217,5171,21,1953.2595338026981,8.695968890876925,monsoon,2.65
10799,1838,23,4316.346073823139,2.3323260278977087,summer,0.43
15393,4844,43,6080.759504055633,4.4940670040458786,monsoon,0.8
11814,4515,21,3545.931546718216,1.0396386677720537,winter,1.27
10174,2557,20,2085.7210031060217,9.22295461659002,monsoon,1.23
10862,9858,20,2004.6648938827648,7.601061630776819,monsoon,4.92
14903,1601,5,741.0890947027153,2.7151556795805485,summer,2.16
18256,3762,33,5183.3615326697845,1.050670771294997,winter,0.73
10336,6203,13,2353.348490040723,3.70984494955012,summer,2.64
18029,7720,21,3468.670651336275,9.027631409059524,summer,2.23
18839,18753,14,2259.636739317229,2.2361867273866043,summer,8.3
16722,10980,12,1767.9108426732787,8.195754457800696,winter,6.21
17224,6006,5,721.10078748654,3.6759545649159433,summer,8.33
13360,11819,21,2148.506578101912,8.072819687018653,winter,5.5
14463,12662,24,2978.0916794768336,2.314603983113229,winter,4.25
18009,11609,18,3115.674630355299,1.5261177072402354,winter,3.73
7749,1411,23,2294.3654346791222,5.98923981423468,monsoon,0.61
19670,8666,40,5457.933718072472,4.079467930809663,winter,1.59
11669,10770,31,4811.208982571817,9.387121630280223,summer,2.24
9510,3272,44,6013.144180629234,7.9221805036983035,winter,0.54
6284,6085,40,7261.083169101845,7.095265503825771,summer,0.84
6081,3879,29,2961.3532539572925,5.11495201317167,monsoon,1.31
9044,6409,40,4020.6300510712326,8.356200505331547,monsoon,1.59
14828,14792,45,7535.458230019452,5.920129579263334,summer,1.96
7836,2819,29,3797.0086035634477,7.423935644088127,monsoon,0.74
18112,13418,10,1642.6052374278115,3.3218515868654275,winter,8.17
12831,9828,25,3472.2764506501953,2.9442069520390204,monsoon,2.83
10751,5504,46,5717.518350335106,7.882119581784238,winter,0.96
14615,1953,47,4875.730653577223,2.502121611999674,monsoon,0.4
5712,1474,36,4815.4539245058995,6.77750860510214,winter,0.31
9012,1094,17,3457.643094283304,2.856198075124643,summer,0.32
17761,10180,27,3885.4955952300147,1.1215197151353984,winter,2.62
12535,5839,15,2486.241291928818,0.00014403706815380168,winter,2.35
8758,6973,37,3754.4638140521342,9.097984499523767,winter,1.86
19343,8015,32,5660.9945468009455,0.16938645727998303,summer,1.42
14132,5651,41,5256.628070479208,8.260149845902777,winter,1.08
6330,4767,32,3478.9593762394525,7.69132494596943,winter,1.37
17472,4375,12,1262.4364162793408,7.885919729235508,monsoon,3.47
19732,17719,35,4578.739222179385,1.2112861821656606,monsoon,3.87
11721,5192,18,2577.6907989100896,2.3707896152383503,winter,2.01
18933,5841,34,3467.543546841019,9.627457844852009,monsoon,1.68
16372,14842,40,5498.44664778946,2.637385575060507,monsoon,2.7
16739,13738,5,471.1270221347765,6.949613002936638,monsoon,29.16
12476,5834,50,8114.352089694642,1.5077055857813415,winter,0.72
10652,2901,35,4557.1389326877215,4.040090083763835,monsoon,0.64
11629,11297,20,2567.5918196896782,3.503524335674355,monsoon,4.4
14374,8862,42,5203.293038192569,9.838098873356952,winter,1.7
8603,1597,18,2480.8978462010905,3.3407116740523604,monsoon,0.64
11555,1877,28,3858.1500805925857,4.380136536002047,summer,0.49
10794,4069,18,3351.220931005684,2.5414481087021104,summer,1.21
18287,13402,14,1823.9228385354638,2.748307021962877,monsoon,7.35
17010,4856,50,5260.562009014732,8.443567654960571,monsoon,0.92
16490,10869,19,2159.709919239243,0.7003945771342579,monsoon,5.03
17971,5255,38,4446.032745385651,4.377548021181,winter,1.18
17809,9846,20,3403.321180129332,2.0310588323586645,winter,2.89
7750,4779,19,3543.489967361185,0.7191980354606287,summer,1.35
17412,10293,44,5534.13344110182,3.79794962061057,winter,1.86
12036,9292,11,1033.1588855545367,7.390866552326071,monsoon,8.99
17206,13076,44,5612.067074655195,1.601304375145396,winter,2.33
19102,9968,45,7268.1694278110435,8.863012674107315,summer,1.37
17531,11776,7,818.6848342565376,0.8138874633545501,monsoon,14.38
13013,4046,41,5642.662973601372,9.695339247045245,summer,0.72
19881,8737,26,3261.161652387885,4.142197580359259,monsoon,2.68
13611,10973,46,6009.759650894807,9.234351501541791,monsoon,1.83
14484,3779,5,611.4184452168009,9.045149200111313,winter,6.18
19260,15304,44,6442.563460121745,2.7694334169339587,winter,2.38
17317,17305,16,1665.2305745559838,8.372484959393669,winter,10.39
11609,1645,16,2153.761931901402,1.0489491864294798,monsoon,0.76
11594,1867,19,2692.907830000039,5.888960373902973,summer,0.69
19247,13961,44,5509.78637222991,3.106023785325256,monsoon,2.53
18607,11445,26,3679.4240734434543,3.562464666720313,summer,3.11
13663,1276,37,4456.620832257593,8.565916516524299,monsoon,0.29
8752,6693,37,5581.883055983181,4.150556760121676,summer,1.2
18234,16822,34,4470.871598138685,7.348762778426949,winter,3.76
15739,13144,37,4164.111773183404,9.40872334036457,winter,3.16
13899,11185,30,3684.556297973055,5.081062120580748,winter,3.04
16404,8020,31,4399.578522697855,1.99676770320668,monsoon,1.82
18497,4539,21,3789.460624926527,7.009523294770784,summer,1.2
14618,12482,27,5128.699614454817,3.0870712979246373,summer,2.43
16393,10971,22,2044.482156467038,9.718440854664003,monsoon,5.37
12827,11483,32,3725.2222654274756,5.76736024317012,monsoon,3.08
13605,4937,8,907.5883730205798,3.3330342814742298,winter,5.44
5997,3475,27,4156.0172648604375,3.3214135546045354,winter,0.84
9772,5534,27,3573.947484464319,0.706916819473965,winter,1.55
5861,2150,27,3538.7731633971034,4.762342270756506,winter,0.61
13735,12703,17,2528.711895194867,3.7615561239828823,winter,5.02
18932,5662,8,1249.5251020987744,1.529707326831532,monsoon,4.53
9492,7049,28,3673.466888655623,6.045766463793093,summer,1.92
8227,3908,36,6288.2430845944455,7.00511873056764,summer,0.62
12070,2429,43,5274.010456311287,6.373460167155266,winter,0.46
15706,6563,34,4844.14768617148,8.94658095519204,winter,1.35
11828,5646,50,6139.944034169849,5.853041868880896,winter,0.92
7085,2033,39,4675.743794321517,9.156904896856293,monsoon,0.43
15212,7076,7,1298.2352824403156,6.958346818519643,summer,5.45
11050,5643,7,867.2134924051428,8.562709172543766,summer,6.51
7237,1408,35,4508.116833435247,9.772803361339207,winter,0.31
10456,2575,20,3866.9339740254386,1.729980001302951,summer,0.67
8017,1532,43,6925.094511321065,0.21460918147694685,summer,0.22
7161,1405,7,1291.018528901794,4.296645435533798,summer,1.09
7520,2978,42,6647.148602381196,7.653395913953367,summer,0.45
5965,1081,49,5104.540149764722,7.6739499105977576,monsoon,0.21
18545,9087,14,1836.6608500962968,8.487315569885025,monsoon,4.95
10254,1837,24,2967.755756755029,7.667645531771248,winter,0.62
16849,16053,23,3034.6051281435134,9.894826025210117,summer,5.29
7838,4538,28,4146.57695877373,8.737754064161974,winter,1.09
19039,5827,20,2190.0523090474835,9.349361523255379,winter,2.66
18178,6298,27,4434.643648745019,6.591031835521276,summer,1.42
14515,13525,30,5245.820219501907,3.752205123272827,summer,2.58
13991,9818,19,2220.759207380619,5.817579152454283,winter,4.42
12119,10302,48,8330.196964077137,1.1554035100650861,winter,1.24
5054,4748,23,2465.6008937601605,8.917446938172796,monsoon,1.93
9354,3875,34,4363.106848441582,0.9038409204171294,monsoon,0.89
9907,7671,46,7962.978921135266,7.1246344351507975,summer,0.96
12490,5538,30,3790.890032898406,0.17384835518539865,winter,1.46
18225,10907,11,1907.995545709367,0.18488570386422265,summer,5.72
18901,12661,20,3195.620459030031,1.1144465880766896,winter,3.96
11889,1536,22,2898.747032151533,5.760679118141319,winter,0.53
17224,2288,34,5718.108685218101,5.2106564721668125,summer,0.4
13786,6419,15,2250.4845335472246,0.521776578939499,winter,2.85
11906,4068,19,2512.729689873455,6.882247598688258,winter,1.62
9095,8284,42,4608.491342116941,0.9298317540650514,monsoon,1.8
12864,1080,16,1763.7276148618578,7.00547189666776,winter,0.61
18219,11402,26,4324.752590977542,1.5104030383342748,summer,2.64
17247,15603,9,1597.9452276794868,4.456694785939695,summer,9.76
6984,4122,24,4279.491241312424,3.5913282768900645,summer,0.96
16264,11218,10,1196.2925919312231,7.0165393697182825,winter,9.38
5344,4060,23,3544.4134970352893,5.973811817552429,summer,1.15
14009,4544,35,4245.496031879365,9.083432654795892,winter,1.07
13958,2448,31,5445.576703029655,0.2003018950411306,winter,0.45
10119,1625,7,790.1491143978916,8.371541704083306,monsoon,2.06
5186,2437,44,5195.244695536075,2.4337864780756133,winter,0.47
13167,2691,29,3290.1852032870693,8.586623482538746,monsoon,0.82
19817,18780,16,2738.972781155059,0.24427934546452534,winter,6.86
16080,6936,35,5765.934300315004,8.850555521922878,summer,1.2
15065,6561,41,7023.561423151962,4.632491810429795,summer,0.93
8026,2670,9,1024.1680932865395,7.293949533425285,winter,2.61
13560,7156,47,5350.271332444112,9.493381184041027,winter,1.34
15238,5637,22,2973.0791854251115,3.847839439824975,monsoon,1.9
19115,12795,48,6064.503013135201,8.688894941167097,monsoon,2.11
17816,9926,38,4871.415945120209,1.5259414661862714,monsoon,2.04
8066,4838,31,3503.213277620776,7.1223321880855375,winter,1.38
6662,1214,5,745.349004251118,1.7306906628339613,summer,1.63
15365,5381,49,9869.820252360052,1.8015860451457955,summer,0.55
15235,11023,27,4044.4257272949385,3.433339857511023,summer,2.73
10599,6490,15,1798.7410098270489,4.1045223983205315,monsoon,3.61
16853,2145,22,3051.5618676136055,4.200101827409359,summer,0.7
7253,7116,15,2056.5301834369816,5.050971996505144,monsoon,3.46
5271,1945,42,5401.954980395858,5.386184121238877,summer,0.36
5464,5070,50,5145.013576451999,8.347280001772564,winter,0.99
19179,16613,28,4615.3718667737585,0.9287876549453444,summer,3.6
11540,8312,50,6601.308467560246,3.985214557616168,winter,1.26
17559,13569,5,637.8412624562981,5.977379387457509,winter,21.27
5775,2457,34,4808.917359129015,2.3030060973628785,summer,0.51
12638,3187,41,6198.800889039382,4.868823973774604,summer,0.51
6546,3857,7,653.5935319533568,8.67875169133989,monsoon,5.9
5309,1535,43,4662.0041877814865,9.118628896204862,winter,0.33
8561,6101,47,6379.917142488245,4.372913395473504,monsoon,0.96
7639,5422,40,5902.290394723045,8.906491728535471,summer,0.92
13935,9190,41,5925.158606251026,0.2003420856164173,monsoon,1.55
15532,4316,46,6569.792593162795,5.418137785042976,summer,0.66
13902,13631,13,1907.770480575111,3.320193727762215,monsoon,7.14
17650,9194,16,2524.3186005274583,3.81905181903441,summer,3.64
10339,1333,37,4094.018019807556,9.671990969292542,winter,0.33
16513,14034,42,6023.130872174657,2.598987540144609,summer,2.33
5406,5153,30,4284.6390557052,9.985433778469107,winter,1.2
7753,6934,45,5145.463855564012,6.859636054488623,monsoon,1.35
15114,10835,6,949.0786946898902,5.413684129538096,winter,11.42
6100,3940,49,7185.857923316239,2.3949468354681605,summer,0.55
5253,4675,35,3493.78749065368,7.2829587732142995,monsoon,1.34
9314,2553,7,1044.7057133612705,0.9240251360139118,monsoon,2.44
19611,14749,43,7296.226224733233,2.054026001516389,winter,2.02
8500,3251,17,2253.593583720577,6.255103959246515,winter,1.44
6020,5462,18,3053.8334376102844,1.7376032058906044,winter,1.79
11124,6854,6,894.0758105920777,4.752517142642121,winter,7.67
6787,1911,19,2623.093081069998,5.026716456417687,monsoon,0.73
17669,12627,34,3733.958737818364,7.540246360602891,winter,3.38
14412,12277,47,8568.968902042918,3.514376595583597,summer,1.43
5540,1643,5,547.5751925308361,6.797811360040578,winter,3.0
5908,3987,32,4932.426591393075,2.6577577128964203,summer,0.81
7963,1117,36,5564.627060279822,6.2836743526576155,summer,0.2
15986,12520,29,5015.501261069412,9.174553200313989,summer,2.5
14953,10191,48,7894.780664081373,1.4857107264799896,summer,1.29
18616,8417,41,7758.606849184757,1.6080967274518532,summer,1.08
5798,4602,12,1536.9526241492943,4.418560886472999,winter,2.99
6002,2094,7,1324.6953141210781,2.4996846125433714,summer,1.58
8268,6504,41,6434.742223150194,1.326267523352489,monsoon,1.01
13021,12664,46,6761.986093201672,4.406033706431737,monsoon,1.87
12354,9366,13,1783.772017182621,8.252454670446152,winter,5.25
9628,9016,19,3218.2740691979816,4.319153846937818,summer,2.8
16575,3310,24,2273.8950752177198,6.4773549835724955,monsoon,1.46
9370,1421,25,4501.856103750168,2.0570832660713045,summer,0.32
7083,3429,36,4263.090070723804,0.3879400028936941,monsoon,0.8
17036,4626,29,3846.3481148892224,7.476434413720852,summer,1.2
6454,2864,41,7303.433615643716,5.032648537322553,summer,0.39
5808,1165,44,7358.954759243902,4.149970032499807,summer,0.16
11326,4694,45,6387.5939518951145,0.15676515363398535,monsoon,0.73
16674,2417,47,5071.12236551977,2.0355539132908627,monsoon,0.48
12639,3294,33,3175.1989301514,7.764513495939742,monsoon,1.04
17888,15510,10,1123.1097754576185,7.541847008271871,monsoon,13.81
16993,10386,25,2911.887898508026,6.60337476444378,monsoon,3.57
7769,6792,25,2500.9770763466727,6.478980258636289,monsoon,2.72
18669,5319,25,3730.700024060169,9.66605748832971,summer,1.43
14894,1751,47,7847.923389713916,5.869407911759445,summer,0.22
7044,5113,32,4630.064659224959,2.6653973926933663,monsoon,1.1
12334,2625,32,5881.234432951937,4.674213709670005,summer,0.45
11488,10555,5,624.1954746356045,6.802341166692423,summer,16.91
19116,13768,22,3628.0251456021533,9.195112523666726,summer,3.79
18363,17662,5,896.926676498231,2.777617976656057,summer,19.69
12806,4517,8,1290.20737725063,1.1323742506921064,winter,3.5
8987,6357,27,3890.179027006999,0.3602516268750111,winter,1.63
15717,15062,25,3242.7234465819624,2.967839483898811,winter,4.64
8801,1813,21,3793.8665353511856,2.9944320036339054,summer,0.48
17677,1363,6,624.3057916952245,5.311554893776105,monsoon,2.18
10379,9726,19,3167.1573723002152,8.08326624532976,summer,3.07
15368,8346,35,4501.933473496438,7.6294463742108265,winter,1.85
19901,10371,19,2679.962959473656,3.5049932597155276,monsoon,3.87
17481,9684,19,2565.60562928409,8.17784831674285,winter,3.77
16840,16205,36,4306.438021904512,1.8262299475358956,winter,3.76
15755,9741,47,6736.861619150067,4.859559958302354,winter,1.45
9769,9184,36,5459.348468662481,5.471485303772047,summer,1.68
18230,9855,32,4506.377872710369,9.09411455685171,winter,2.19
5358,2864,19,3079.5753116684305,3.4724806140835485,winter,0.93
14875,12133,29,3403.040090175891,3.870602331574503,winter,3.57
6969,4652,6,700.5496249823334,6.924938788843816,monsoon,6.64
14938,9656,5,467.54821118298185,8.867478509311578,monsoon,20.65
13786,2869,25,3633.039029842966,2.7020891601808152,summer,0.79
14774,10600,10,1234.2676596966735,0.8185156135604188,monsoon,8.59
7022,1298,16,2327.8041142015627,5.554179350228264,summer,0.56
7310,4751,10,1402.071023882872,7.098125101838697,summer,3.39
6846,2498,19,2225.881868193699,5.7345624925418495,winter,1.12
5098,3636,28,3897.393605756507,0.20861155347664306,monsoon,0.93
17077,9917,13,1905.279512373211,6.145349033239569,summer,5.21
6231,3758,18,3137.3481789255293,5.428226074973393,summer,1.2
9049,1876,30,3187.779589190571,8.60600515084761,monsoon,0.59
7347,2711,17,1637.9989261187206,6.822636910906617,monsoon,1.66
17468,16035,48,6167.308414940365,3.9303256238050723,monsoon,2.6
9932,4859,25,3271.0983289770293,3.1334757561664306,monsoon,1.49
6960,6029,42,8592.638457391515,1.772379765998573,summer,0.7
17074,5029,9,1210.179363516292,5.335315899760138,winter,4.16
15387,1098,24,2820.9409567549574,7.06931384447309,monsoon,0.39
8036,5852,33,4416.479738149848,2.771656087084792,winter,1.33
11848,2859,46,5616.4010668933,0.08780791934334675,winter,0.51
16351,13243,31,4094.6190636422148,8.545770110527329,winter,3.23
11517,11161,37,4368.881968810921,9.332864318567278,summer,2.55
12350,6520,24,3065.088662722738,9.59697371990089,winter,2.13
16168,10709,27,5389.2992764373985,0.0754873091012287,summer,1.99
7946,6980,6,792.274071013103,4.8575532523876905,monsoon,8.81
9970,2628,6,691.7810927293607,6.6857606505222344,monsoon,3.8
16502,15807,16,2423.059382264229,6.792235416503929,winter,6.52
17156,9046,49,9394.687620393097,5.277491866694444,summer,0.96
9127,6351,48,4986.395137466886,5.381928075384557,monsoon,1.27
17350,6124,31,3362.216801957971,5.41851367196109,winter,1.82
7392,3090,13,1694.3546483606478,8.653021814178244,monsoon,1.82
13833,6973,7,853.1194971350002,8.716043903180147,winter,8.17
17919,7925,7,661.7312979796376,9.339073939822562,monsoon,11.98
7738,1122,18,2684.3741966808516,7.970551183893814,winter,0.42
16640,14585,41,7377.720771391773,6.883579996232062,summer,1.98
9288,6549,28,2837.5992582071954,9.5670085576795,winter,2.31
9206,4659,31,3741.607645939984,5.632551158386136,monsoon,1.25
13150,12012,14,2306.945670762533,1.726330900695069,summer,5.21
18564,16074,42,4518.910972768249,4.851743460199533,monsoon,3.56
15168,4973,38,5868.976790589116,0.5461163230910904,winter,0.85
13322,12320,14,1650.5165580141136,1.7856411064254185,monsoon,7.46
18481,15667,7,730.3173541018032,8.578643644485524,monsoon,21.45
6270,4787,37,5432.820372998212,0.3438081746857513,summer,0.88
8338,8245,6,943.0853885242886,2.2060695852591152,summer,8.74
11872,7682,16,1706.7741490496976,5.597544430379367,winter,4.5
17242,6186,40,6553.7666763666,4.440852112968191,summer,0.94
6619,5551,23,2129.108762376932,9.714784542186786,monsoon,2.61
18500,13436,26,3534.521753127572,7.688271165002442,summer,3.8
5987,1605,46,7776.743185769843,0.6766918578026848,summer,0.21
6092,5814,30,2931.8218409774136,7.776846496328064,monsoon,1.98
12626,8844,43,5698.572307960987,1.9347203572208505,winter,1.55
10586,6543,48,8231.969099101414,4.777497437245483,summer,0.79
9458,4292,40,4990.1985572319845,8.430950644044295,winter,0.86
16508,5151,10,1512.6525944314315,7.92539901060544,winter,3.41
18987,15256,46,6624.8618557084465,0.15118156941167804,monsoon,2.3
8104,4150,47,7410.252750663288,8.093061265179548,summer,0.56
13149,10578,12,1397.0349798898885,2.8504777983045204,winter,7.57
11992,11133,49,5291.865463159729,6.347689932313144,monsoon,2.1
9094,6105,14,1841.4245355368632,6.967749868644252,winter,3.32
11699,8144,46,6824.266530080892,0.44446442707240297,winter,1.19
9294,2892,11,1383.7412878437683,1.60191704686923,winter,2.09
13615,5567,44,5285.836227641934,9.493602330069784,winter,1.05
13084,6037,28,3259.465636976696,6.3998181098662705,monsoon,1.85
13152,1852,22,2786.939127432569,3.588463983480188,monsoon,0.66
6259,3799,49,7120.632901917288,4.3936925381045375,monsoon,0.53
16610,2521,39,3498.900406436053,9.383200965443871,monsoon,0.72
7788,6857,45,5037.2262301428345,5.860871764407392,winter,1.36
10308,1033,12,1625.369105589313,9.223668789063321,summer,0.64
17660,4412,42,4631.331298065818,6.177810009904884,winter,0.95
17422,3284,16,2205.201275551506,3.914133659833502,summer,1.49
11973,4795,15,2404.8140757913106,3.5987025612020416,summer,1.99
8641,3514,10,1158.044794756265,7.112099413569442,monsoon,3.03
19193,12002,47,6696.782114684152,7.037588327740746,summer,1.79
14063,6396,19,3474.0142498307737,4.566841993155836,summer,1.84
12336,9113,25,4012.4925390391463,2.654203405678981,summer,2.27
10954,2192,16,2442.0304573945336,1.612133738406023,monsoon,0.9
9452,4700,10,1610.6859295118145,0.36045148530159055,winter,2.92
13777,10381,41,5005.423062178889,7.498706614897711,monsoon,2.07
8328,7312,5,744.8002882285418,1.1691967637099976,summer,9.82
18022,16379,10,1327.0703355444373,6.106498197975063,summer,12.34
7453,5418,33,3381.6957678777903,9.552314643007138,monsoon,1.6
7432,7060,17,2532.670199819668,0.11048199528365998,monsoon,2.79
14237,5889,13,1643.8785534029353,7.4976336505659615,summer,3.58
19646,13391,26,3523.29295552642,5.268046456297471,winter,3.8
15694,3317,28,3849.140636807048,7.2849507647467,summer,0.86
10171,7346,47,6209.18577323314,0.13401822329708213,winter,1.18
12841,11442,49,7311.141279062677,9.715914782980152,summer,1.57
12398,3979,11,1593.9654834071105,1.042525409880819,summer,2.5
18064,16283,12,1529.7657955840425,9.87698568418792,summer,10.64
19208,16049,42,5606.083135790007,2.7740808336147325,monsoon,2.86
12887,9039,22,2578.096444737577,4.836782136094108,monsoon,3.51
15640,5706,21,3199.9433524639157,3.309329181088531,summer,1.78
19298,11335,38,4553.894325606185,5.30375958423103,winter,2.49
13958,8186,38,5365.278531560375,2.490317257058514,monsoon,1.53
7218,1922,28,5258.702314306402,0.3732585789428833,summer,0.37
17517,3383,33,4099.1056319074005,6.135170472590459,winter,0.83
8215,2982,9,1029.9838936889757,4.656356510536583,monsoon,2.9
6234,3544,9,1064.9848994650677,8.720994292175225,winter,3.33
16821,8059,11,1310.6102431917282,8.062162380778272,winter,6.15
5929,4868,41,3927.2135459932156,9.472746533126452,monsoon,1.24
17174,9425,12,2013.3687255517023,3.484147293945108,summer,4.68
12712,4384,46,6708.410103397673,1.1840510590100395,summer,0.65
9935,3885,10,1285.0051954617863,8.253409896568318,winter,3.02
11298,4986,45,8322.64193028797,5.352800800553296,summer,0.6
13895,4319,27,3640.629633441021,4.886549817939823,summer,1.19
8896,3576,43,4291.626775552736,8.48761258678076,monsoon,0.83
14681,11081,39,3991.6566423312183,3.9347639388451827,monsoon,2.78
7265,2659,49,7917.950276268366,3.7894673488715034,winter,0.34
7625,1270,26,2758.3677970986178,6.437289170510875,winter,0.46
11488,9798,11,1514.0489545191788,5.570747981094093,summer,6.47
6126,3500,14,1648.138648801063,8.334542068989906,monsoon,2.12
16532,7161,20,2895.895819916839,1.274255619368243,monsoon,2.47
13343,7599,14,2363.453576918665,0.3997838340396487,summer,3.22
15788,7521,14,1446.8932743973264,5.865327933116228,monsoon,5.2
17138,5787,20,3528.721216955762,5.181774727380311,summer,1.64
12682,7237,30,4685.076816779423,5.03366465015337,summer,1.54
19816,11642,45,6693.680457839524,0.7073966553350775,summer,1.74
16674,2664,20,3289.018549674859,8.741998815577812,summer,0.81
8934,8036,37,5606.312992416009,9.199543947383692,summer,1.43
17095,13790,38,7404.034687933321,3.538649093159778,summer,1.86
16889,3550,16,1900.205713474436,4.677441422591286,winter,1.87
5732,5237,30,4737.846146195728,9.93224703551345,summer,1.11
11038,3347,22,3194.5922296651834,5.894471627371981,summer,1.05
11081,8189,29,3968.195977453458,7.1354991234914955,summer,2.06
14295,7859,28,3958.246060397753,2.225843800611973,winter,1.99
7773,7147,21,2753.8234111049333,3.8949349443271064,winter,2.6
5151,4631,47,7869.705613968619,3.929201096230587,summer,0.59
11516,10311,31,4977.680991484165,7.6661116642145934,summer,2.07
18010,11150,47,5411.4817758742365,3.3600874349134644,monsoon,2.06
5242,4894,22,2101.0459238674966,7.153172425684674,monsoon,2.33
19209,1708,18,2965.2796389272858,4.61353030595051,summer,0.58
18952,15039,34,3141.7125674629556,9.284934083484128,monsoon,4.79
5265,5228,22,3137.733301631963,1.7319256260170723,monsoon,1.67
9452,1962,44,6363.988066541253,3.5144412553182813,monsoon,0.31
6740,3446,6,628.9743859046783,7.081248793023846,monsoon,5.48
18262,15677,30,4820.26090795743,7.108431211641104,summer,3.25
11483,8613,22,3623.542731505198,6.346137511277153,summer,2.38
19464,2677,45,7568.486291874941,3.2434136088637144,summer,0.35
15155,4832,5,765.4843695379042,4.61691570033582,winter,6.31
10403,10368,8,1078.4826912424226,6.488670715872999,winter,9.61
6561,5433,44,7961.511771207428,7.386535218218475,summer,0.68
12905,2061,20,2670.56842655612,4.408887527386375,monsoon,0.77
19808,16646,25,3038.7759205410757,6.429230074852034,monsoon,5.48
10356,3445,45,6266.639467847421,0.5176933820137086,monsoon,0.55
12006,3410,21,3374.1854960098676,2.3605669264788496,winter,1.01
5890,5250,47,4930.927506501579,6.899896367884107,winter,1.06
12296,8395,28,5000.365197647198,6.743222883450307,summer,1.68
10826,2084,29,3399.8247109912863,7.673142936448979,monsoon,0.61
15868,14189,21,3296.5412435735607,9.833138523591856,summer,4.3
9252,5365,34,3676.8061366943944,8.285557756939209,monsoon,1.46
15280,9923,10,1395.767048399933,5.531329879699809,monsoon,7.11
6023,4856,26,4942.23297465145,2.4713297049162994,summer,0.98
10590,10162,24,4261.5063128040565,1.6944919717321272,summer,2.38
18483,16281,30,4537.467420481493,6.610753126772218,winter,3.59
14094,13291,20,3059.8625171670765,4.159803251611869,winter,4.34
7856,4484,12,2283.12783765075,0.10285874132953787,summer,1.96
10516,2773,22,3275.7910347834254,6.696926649607949,winter,0.85
14985,10278,28,4400.343400964483,9.190172976020852,summer,2.34
6902,2574,50,5579.501209873257,7.601695623450465,winter,0.46
10847,8593,38,5482.878745499564,9.329112479588106,winter,1.57
19130,10535,41,7469.928961028009,7.42302262228897,summer,1.41
15110,10372,42,5795.25390328496,7.357072033872059,winter,1.79
12236,7931,48,4774.172944808049,8.114528021266208,monsoon,1.66
18532,1761,49,4683.188537145119,9.020912668157571,monsoon,0.38
6281,5162,48,6537.747534895752,7.3717954772635945,winter,0.79
15868,12718,50,7729.885414364467,3.6391080601877226,winter,1.65
15596,13479,40,5257.907642550394,3.420476247892903,winter,2.56
14823,9727,44,8093.674914501044,2.349993861706535,summer,1.2
14081,2256,33,5285.72176127397,6.352128278390532,summer,0.43
15849,9182,26,5113.705930883841,2.3777683272300054,summer,1.8
15136,4966,7,882.8991784803416,1.1755863751175555,winter,5.62
8325,3583,44,5145.482900423375,1.4841539545719407,winter,0.7
12000,3216,15,2105.5942499979396,3.501405221314413,monsoon,1.53
6321,3177,48,6174.963827405732,9.629602573348974,summer,0.51
13128,4548,33,4478.6558182363715,9.607673702582591,summer,1.02
16753,4294,44,7234.836051621212,0.5444341371968586,winter,0.59
17299,14098,16,2044.4771388075555,5.002275649811362,monsoon,6.9
16255,10813,20,2857.6946698658535,2.317756095274013,summer,3.78
16594,2000,49,5883.629570731671,4.470745515018455,monsoon,0.34
7833,5184,15,1763.6221210084957,7.393844457803959,winter,2.94
5577,2178,28,3262.623236176101,0.022384079424226933,monsoon,0.67
11243,11045,22,2557.621468248706,5.094056335612283,winter,4.32
12092,5491,33,5668.839694083043,1.9399809364210074,summer,0.97
18987,16306,17,1648.900515352922,8.174728614816352,monsoon,9.89
17217,4463,8,1320.1217460988335,2.295875004701764,winter,3.38
17784,15624,21,2193.0487579859323,8.244149394888568,winter,7.12
9078,2128,41,4851.177987207955,3.6374353737834797,monsoon,0.44
11439,4773,29,4563.137900087191,6.1021202202652685,summer,1.05
18316,9626,15,2528.782253998494,9.647312387351736,summer,3.81
6826,2095,20,2307.031934454414,7.531973730957602,winter,0.91
6961,1351,45,6884.320060709642,1.3332529231663715,winter,0.2
17106,10208,11,1307.946985919891,5.30680820336827,monsoon,7.8
16280,6735,32,4996.014154784178,1.8094521741708347,monsoon,1.35
9628,8349,50,7439.565143522478,1.1656080683371572,summer,1.12
11915,10434,47,7207.443975017118,1.3280532200296846,monsoon,1.45
17642,1263,18,2252.4980374482034,7.029192475632398,winter,0.56
13503,10476,25,2798.0404269833284,0.8778650505158181,monsoon,3.74
13260,2803,36,5693.691426119639,0.7257383063596601,monsoon,0.49
19550,13001,34,3641.192847009998,9.959705211943035,winter,3.57
9363,7591,23,2746.9576767538124,9.4039852812256,winter,2.76
15926,3972,50,8042.4142004846735,6.559610701150762,summer,0.49
8745,6648,47,5437.141363592732,0.5238457557060416,monsoon,1.22
6297,5147,25,3724.5875206578535,9.405756256741665,summer,1.38
18726,4399,49,5403.547212211731,4.212529516818164,monsoon,0.81
14927,3348,12,1627.9591715479614,8.884052927126817,winter,2.06
10485,5946,16,2079.9806869715185,5.524831043562849,monsoon,2.86
10479,8070,31,4395.328956910053,8.564457327097482,winter,1.84
9344,3974,25,4566.092953515329,6.611745890460013,summer,0.87
9707,5281,45,4593.365606074868,8.578473144731536,winter,1.15
6142,1249,38,5195.060004217772,3.4266671395427775,summer,0.24
19170,7255,19,2730.6305719675643,4.855756114660346,monsoon,2.66
13875,7514,27,3493.1125059158217,8.92327319189035,summer,2.15
9093,5495,17,2538.5220598225824,6.241722178737566,winter,2.16
12939,9709,29,3982.4102060153573,3.135257286792749,monsoon,2.44
12459,6670,20,2683.587430631334,2.564981755638539,winter,2.49
16225,3839,5,717.9493833062301,0.3469849414306725,winter,5.35
11882,11865,7,956.7673748275924,7.421240529022281,monsoon,12.4
16088,13000,6,707.2232769318374,0.9679618337429874,winter,18.38
6260,4234,47,7973.156731898764,5.431898398840463,summer,0.53
5048,1671,38,5803.760051574089,4.819872083811689,summer,0.29
19633,19265,31,2865.2998571571234,8.345610060519736,monsoon,6.72
16757,4182,15,2669.740424572312,3.2816924264303147,summer,1.57
15509,1424,20,2901.874572719508,8.560501253510363,winter,0.49
15462,3062,6,1086.4989544414723,1.961305341115831,summer,2.82
6077,2723,24,3040.4960640745926,5.475453267973593,winter,0.9
17186,2205,10,1283.5297533726684,0.8723279066057155,winter,1.72
8304,2633,24,3647.0419072444565,2.9343765093235796,monsoon,0.72
17479,5562,18,2819.1556033501342,5.572502828504886,winter,1.97
5779,4860,16,2984.1749536601774,1.6356497166285133,summer,1.63
13317,5970,33,4089.9909085148865,7.417902146139436,winter,1.46
7841,3869,45,5788.379353955511,4.532929622731072,monsoon,0.67
16384,9879,41,6487.611348698711,9.679922446663127,summer,1.52
8439,4200,26,4516.300499233232,0.610602371555693,summer,0.93
16115,10727,14,2200.0961346560184,0.09268397315819077,monsoon,4.88
15245,11642,34,4455.5610500523935,5.9542518468928485,summer,2.61
17713,14010,39,5820.645332171001,7.508722769667658,winter,2.41
18763,18073,21,3056.4097171636135,4.623473232260221,winter,5.91
7848,7150,30,4778.16232795668,1.8522297978686464,winter,1.5
16458,4588,25,3321.6581787897935,7.723756737416498,summer,1.38
6275,5295,8,1094.2734184003752,9.059675837325491,winter,4.84
13386,6896,40,5639.681103170896,2.798064716360038,winter,1.22
5132,4224,8,1303.3468912139515,5.504346471259989,summer,3.24
18648,10375,35,3503.3388958048627,9.03082952215401,monsoon,2.96
10901,2155,7,842.627073372326,9.569714443183106,monsoon,2.56
13311,9378,5,944.4580798408857,0.8710694147493592,summer,9.93
17872,4832,50,7789.989790384836,3.401827429275437,winter,0.62
6254,1098,45,6023.5025944944655,8.814122634416115,summer,0.18
8180,4144,30,3463.817256786134,3.0334061539881096,monsoon,1.2
6837,1117,16,1849.9115261032698,3.1243940399491588,monsoon,0.6
7207,2153,15,1799.9055921224901,2.932332950393155,monsoon,1.2
16435,9827,15,2063.9198479465153,2.355450019051922,winter,4.76
17150,5790,35,6352.82175968431,7.837206832538476,summer,0.91
12107,6157,5,611.6227397301169,9.022079725169037,monsoon,10.07
17030,7865,36,5457.53287698378,3.2540461499021456,summer,1.44
7961,2435,26,3991.71017796442,4.536904034213627,winter,0.61
10790,2782,25,2551.9499891657624,9.487267825661098,winter,1.09
15288,5554,50,8415.211697431423,9.072129635614889,summer,0.66
16691,9991,6,748.7913389798832,9.945096268108841,monsoon,13.34
6012,5715,19,3352.4138474337474,6.509761104158935,summer,1.7
9178,3190,16,1660.9464184869405,3.940516544214119,monsoon,1.92
12043,7891,28,3811.1959926887066,1.744235245431317,winter,2.07
13096,1874,30,3791.069081752605,4.290675358575188,winter,0.49
5216,2542,8,795.1829857804025,4.833333965438237,monsoon,3.2
9332,2151,15,1840.3300558101084,4.292072688548263,monsoon,1.17
19333,12864,29,5203.880525258837,0.1849688991381948,summer,2.47
18387,5418,30,3637.7813387834135,8.298676309510236,summer,1.49
13380,11161,43,6003.998908553569,0.12930241704748768,winter,1.86
19899,6396,11,1380.810025002555,4.583686206570419,monsoon,4.63
18416,15333,38,4754.781614089434,1.309821653607245,winter,3.22
19957,9362,39,5722.587420439255,5.634013547590299,summer,1.64
18684,11945,47,5890.6954338733885,8.693762413321496,monsoon,2.03
13704,7733,46,5196.4568561704,9.46201302658116,winter,1.49
7257,2028,14,1843.9039271694935,4.849014620418014,summer,1.1
5816,4309,30,3186.9231372005497,6.27795836998974,winter,1.35
13891,9333,8,1315.521914865013,2.30435742385788,summer,7.09
16982,7070,26,3008.65963429648,4.005338273497517,monsoon,2.35
5457,4522,39,4157.606298790252,5.929857828857587,monsoon,1.09
9888,8692,36,3951.140814525157,7.405666377127322,monsoon,2.2
11674,4565,15,1926.3838102542966,8.35461685967751,summer,2.37
16983,8978,29,5247.130276008393,3.7675862202644286,summer,1.71
12409,6744,47,8986.879741397293,0.8653864428208435,summer,0.75
9258,8559,46,8141.3337369940355,6.564167141137192,summer,1.05
10729,4998,35,5189.924406065191,3.4700220779297366,summer,0.96
19344,18089,17,2966.381056686899,7.800779171030285,summer,6.1
14000,8147,26,3539.2228094592647,5.4048128042889685,winter,2.3
13546,12447,19,3733.9627133413396,2.594324128972816,summer,3.33
6782,4529,50,6399.210741360355,5.73927923433343,winter,0.71
10044,7812,12,2045.080583786288,7.267369818776492,summer,3.82
12938,3380,34,5234.657671816686,1.5301955944962897,summer,0.65
17311,1772,15,1799.4633151252463,1.618161780585372,winter,0.98
9948,7021,35,4600.820186491065,8.71375967597849,monsoon,1.53
17262,11209,48,6629.928766369489,6.426079959898519,summer,1.69
10925,4443,36,5940.9056429919,1.800016392318362,winter,0.75
12859,7933,24,3515.816583570515,8.172769640626003,winter,2.26
8281,4680,49,7003.759669135747,1.797323808119572,winter,0.67
10622,8485,15,2065.9481294302295,7.950067603874606,winter,4.11
11722,4188,45,4954.9390806274305,3.7229112062547722,monsoon,0.85
17238,6887,12,1518.0269172981464,8.172156960092417,summer,4.54
10890,5137,31,4172.293582715024,2.8319185689670556,winter,1.23
13906,3598,50,4491.660017022929,8.502500914988083,monsoon,0.8
19305,6496,13,1534.114534706346,9.745740976042029,monsoon,4.23
18498,13491,13,2032.0278934534306,0.8534634490937998,summer,6.64
17505,12581,30,3138.2841132870212,8.487270552368344,monsoon,4.01
7931,7157,47,5584.138197654828,1.884639005838361,winter,1.28
17384,4679,14,1699.884639782039,2.8609902811178167,winter,2.75
19557,2578,28,4046.6709273193615,7.84201478657108,winter,0.64
7181,2415,30,4675.938604920236,3.5580244720749787,winter,0.52
8538,1430,20,2380.5688624480904,7.940015663266137,monsoon,0.6
16795,16574,39,5394.1843243240855,0.7887448016124299,monsoon,3.07
5126,2634,43,4515.590108469727,5.254181451721275,monsoon,0.58
7713,3848,9,1214.3583731525855,6.896452805404082,monsoon,3.17
6152,5626,45,8521.646937837624,2.963957731073857,summer,0.66
19095,17454,8,979.3296220271985,6.293601222091679,winter,17.82
19645,8462,36,4467.678076729413,8.689023611079906,winter,1.89
6717,1891,23,2941.6368898070227,0.8639246246071453,winter,0.64
16096,12086,27,3893.7093942171423,3.4458031606953643,winter,3.1
18654,14528,9,990.6237742068043,5.1795067056408275,monsoon,14.67
9583,4245,33,4095.4333345589785,5.447607478049468,winter,1.04
8988,4183,22,3287.592772304504,5.96708384645499,summer,1.27
14663,8037,41,5789.291814629017,7.067697029358083,winter,1.39
6833,6524,15,2495.020980586894,6.1694759691394925,summer,2.61
8907,8424,30,5413.666354197913,6.817468434386865,summer,1.56
19810,11822,26,5260.705672253065,2.922518022373871,summer,2.25
16342,11301,12,1685.0123446165617,0.6712377090929267,monsoon,6.71
9757,8638,42,7605.912869109077,1.6586022381087617,summer,1.14
7454,2392,9,1667.617447349928,2.076648969002389,summer,1.43
15738,12851,29,3711.690397507785,1.4097559893144251,monsoon,3.46
18837,9895,38,4453.166540589411,9.53459274028084,monsoon,2.22
7402,5748,48,6943.044162109269,2.2667209916567144,summer,0.83
9333,8964,25,3457.7812376918037,3.7954169342808832,monsoon,2.59
9920,3808,28,4733.756999275173,0.29490239116473416,winter,0.8
9442,5559,30,5086.882713577998,5.0186110935668236,summer,1.09
19090,10699,10,1297.2950264600536,4.710332055708327,monsoon,8.25
8858,4556,35,6375.303427958726,0.9896927446294634,summer,0.71
8346,3805,24,4490.053449851233,6.001556394181668,summer,0.85
17725,4893,21,3085.2151440656344,5.166522772246248,summer,1.59
11217,5830,22,2956.5053467899425,3.9086788370704806,monsoon,1.97
15203,4356,48,6557.5677948699185,0.7504032862257459,winter,0.66
17854,17523,11,1290.720535918789,5.823624819531263,monsoon,13.58
14286,3157,38,6418.311996138757,4.261341571869583,summer,0.49
5511,4373,12,1183.7883247331579,9.983288619514056,winter,3.69
11363,3832,8,1311.7009848700156,3.9329824555379767,winter,2.92
10297,2428,32,5675.577552761357,2.882072574813457,summer,0.43
11995,9841,28,3937.536821292684,1.8902993570512583,monsoon,2.5
10750,3135,34,6202.583864754316,0.15457735630561298,summer,0.51
13449,5732,43,8423.809362640703,1.5682545091315803,summer,0.68
17119,1164,48,6396.905294136291,5.6839407870266605,monsoon,0.18
18201,11594,10,1276.6204106738371,8.382505312223978,monsoon,9.08
15663,10362,17,2493.4912365211217,0.9545403406714359,monsoon,4.16
9667,1990,39,4426.714675565791,7.101383594216641,winter,0.45
6261,5381,38,4297.538766527216,7.4926379394672775,winter,1.25
13968,8660,6,765.8186298574287,2.8250945194039954,winter,11.31
14210,13603,10,1577.6458811016014,1.0008731570116103,monsoon,8.62
6030,3626,31,5318.830777567055,7.863317098578923,summer,0.68
13514,8640,30,3291.5198407040652,9.012230006014773,monsoon,2.62
11572,9654,38,4616.670755642226,8.957031773999189,summer,2.09
18091,14911,41,4627.799362665763,7.113614682488255,monsoon,3.22
17781,5219,48,6923.144671429929,9.388178905378231,summer,0.75
19806,6137,31,4709.058889604268,6.323112337962761,winter,1.3
19123,7637,25,3173.557138658496,9.812155233856414,summer,2.41
17181,6786,14,1813.4614057411427,5.15231276126324,summer,3.74
9774,6759,27,4758.607513706036,9.167238710668483,summer,1.42
6883,6439,12,1266.2482874013306,1.5435949883180655,monsoon,5.09
13245,8563,42,4305.036498730628,9.140201932944708,winter,1.99
16976,1413,47,6035.911887460851,6.215364789381354,winter,0.23
11330,4159,30,3790.66214659057,7.332163487447936,summer,1.1
5402,4280,44,8390.923824040357,1.0214575653079305,summer,0.51
15531,5213,49,8239.983252825532,3.1066438850507208,summer,0.63
9916,4687,12,1921.695656427347,2.5409435608396134,winter,2.44
19196,10637,24,2261.0692300090936,8.061150786131204,monsoon,4.7
12951,5266,27,3387.371950491209,4.94026563591441,monsoon,1.55
8561,3189,19,2296.956204681319,5.640644317650172,winter,1.39
18631,13253,23,3486.935914479487,5.008570780869025,winter,3.8
5659,5469,44,6068.7331185425455,7.853883343950879,winter,0.9
11734,11477,34,4946.436498028487,7.811409395441384,winter,2.32
18318,3023,7,738.3115266375911,7.158127825978577,monsoon,4.09
9405,1631,31,4669.481877961648,8.80414138719302,summer,0.35
14501,12243,17,2705.237541092057,0.3940359691429185,monsoon,4.53
18023,11614,31,2938.3666164370848,7.856355087420711,monsoon,3.95
11013,3630,33,4107.455133344363,2.244047254224598,winter,0.88
8424,3994,46,5013.217064953327,7.345950326675212,monsoon,0.8
9393,1377,47,4689.276282966034,5.343093881182189,monsoon,0.29
19026,2821,7,1377.8672291157727,1.5396698800305142,summer,2.05
12541,8192,31,4060.3569633087486,7.9123581548235355,summer,2.02
8130,4124,17,2345.034922481791,7.331136984320155,summer,1.76
16648,1557,12,1711.7683388455464,0.3823447182520123,winter,0.91
5239,3631,23,2815.401783809355,0.3182580067555085,monsoon,1.29
17189,17123,16,1799.8228475165383,6.588140383014154,monsoon,9.51
19174,11429,39,4606.587358853054,1.131293878957218,monsoon,2.48
11140,7695,23,2652.1875544024274,3.0288134401776534,winter,2.9
8505,8348,28,3480.8402936332013,8.729314796515204,monsoon,2.4
7173,2038,42,6407.854211074369,8.235203188656895,summer,0.32
13631,10099,20,3300.4692431923704,6.403375490440588,summer,3.06
9603,1048,16,1830.5050949753409,7.910255885464382,monsoon,0.57
5184,3161,9,1275.062318853481,4.886440263344653,summer,2.48
13742,9673,49,5640.25158208322,0.4743852212815769,monsoon,1.71
5943,4575,19,2688.9120701690194,5.794899783668489,winter,1.7
14434,5523,11,1774.8476217227487,8.117897290384866,summer,3.11
12062,3934,10,1093.6294442129758,7.414385595611729,winter,3.6
6323,1064,27,3513.1157149532214,0.2680389554600515,winter,0.3
11471,3777,41,7241.61572699188,2.0265462831469314,summer,0.52
14032,6176,45,5548.077301433156,4.022331877550779,winter,1.11
12137,9364,43,5099.879728916743,3.0224804210788756,winter,1.84
8599,5312,25,3238.7024730741678,9.50601331703202,monsoon,1.64
9987,5641,18,2126.790364905105,3.071971361942154,monsoon,2.65
15170,2004,30,3510.9924164641543,3.633067772979821,winter,0.57
19796,4378,35,4477.173209640016,7.322267031181539,monsoon,0.98
18897,14739,39,4016.9590014255696,9.879647290404204,winter,3.67
15674,5485,50,7629.815997458405,3.5343904679946903,winter,0.72
15194,12269,47,4912.274187009407,6.193099016050962,monsoon,2.5
8056,1744,48,9297.739567035978,0.49683845316976116,summer,0.19
12616,7590,15,2517.3409630382994,2.7285668869140456,summer,3.02
12868,11298,26,3128.5689726712476,6.366778686756839,winter,3.61
16911,13248,34,4000.454133326844,6.539594435593337,winter,3.31
12632,8571,38,7334.913431843993,4.728971945371533,summer,1.17
11410,2761,28,4335.311063236074,8.587635407234721,summer,0.64
14231,9011,12,1585.664146759876,4.840491955148449,summer,5.68
16966,5572,24,3553.593383061029,1.5566820299391837,monsoon,1.57
15046,8875,14,1643.2156083872105,8.201626965843442,monsoon,5.4
15041,9969,11,1385.9256724909435,9.047573841450006,winter,7.19
11742,10162,48,6321.738135912813,6.676591672097137,summer,1.61
6293,1316,16,1952.2349831191898,7.991071502082447,winter,0.67
10394,4016,38,4828.483774825277,8.78553257602687,summer,0.83
16780,7246,32,5818.075043753438,7.716515777052203,summer,1.25
5314,3746,22,2482.7255381810023,7.517907225734613,winter,1.51
13075,5683,42,7516.762799283912,6.97105817455258,summer,0.76
10416,1519,45,6063.2973256570895,0.7415059652824185,winter,0.25
9990,8225,14,1576.1765030310285,3.7664008696288565,monsoon,5.22
19076,7075,47,6080.462836611008,3.844497785574943,winter,1.16
16146,1157,33,3151.189298458048,8.786627285249999,monsoon,0.37
17990,7142,10,1148.07275668174,4.5122571489457695,winter,6.22
6782,5008,31,4229.095941347115,5.564727874173018,winter,1.18
13048,10526,21,2575.7455546708998,6.809496450111032,monsoon,4.09
7199,6607,16,1785.687987864272,3.0990426266611726,monsoon,3.7
15727,6680,36,3993.525887957204,7.855170350449083,winter,1.67
12836,8854,49,6161.729536225769,2.3757802439374807,winter,1.44
14690,9375,8,1006.2097332649864,2.7880919506979875,winter,9.32
13375,13291,8,1010.3208694570437,2.636531123715191,monsoon,13.16
14463,2167,41,5312.070263839692,7.311782585908368,summer,0.41
17396,17109,49,6083.501073333707,0.7296071673887472,monsoon,2.81
13376,3328,16,2768.726664329161,9.094496018955248,summer,1.2
19388,5774,12,1282.9586896713738,6.447745655050804,monsoon,4.5
17222,4262,42,4583.065614655705,5.441892900361761,monsoon,0.93
16185,6957,10,1449.1759820306368,1.7851314415845043,monsoon,4.8
8148,1298,26,2757.341594197899,9.03585821991939,monsoon,0.47
17506,15991,9,1512.4156839037526,6.792938200221847,summer,10.57
14657,5030,7,999.2063109306828,3.3800385743858055,winter,5.03
18096,9000,27,3377.9239023739838,9.851521750137588,monsoon,2.66
14868,13240,36,4914.601510930143,6.327730665151275,monsoon,2.69
11457,6857,42,6035.124448232074,4.757870817343131,winter,1.14
14077,10563,24,3020.4041253868445,8.874696781270096,winter,3.5
7503,6008,14,2243.7119393530184,3.2973068868757203,winter,2.68
14807,11471,18,2364.6259595227502,0.9271980727409357,winter,4.85
19362,1117,38,6078.973622650998,2.5773020204749075,summer,0.18
5650,5575,35,3516.1500939279235,8.18951395386968,winter,1.59
10146,9042,42,5481.375750453551,2.5948385527350393,monsoon,1.65
14319,13759,37,4899.565391109635,4.128760153504787,monsoon,2.81
11870,3248,20,2222.311605191903,9.997389041922117,monsoon,1.46
14242,4860,48,5161.194196130382,6.418065007655138,winter,0.94
11661,10654,15,1964.0573082701962,9.308303874512283,winter,5.42
19662,13653,32,3986.251213123259,4.7891469856196665,winter,3.43
16081,14638,49,5566.50892262722,4.286889121172494,winter,2.63
19358,17965,28,5279.1371019353855,0.9796041626355467,summer,3.4
7489,2813,24,2729.2367632737573,9.133439974364023,winter,1.03
6262,5515,11,1699.0346843797026,4.099510062993547,summer,3.25
18560,16100,42,4413.959285057685,3.712977118122971,monsoon,3.65
8830,6432,42,5183.299154357263,7.829048954968966,winter,1.24
5732,1054,29,3042.21845414185,9.367385759873034,winter,0.35
12851,10916,30,5039.026735929873,0.37771374425291326,summer,2.17
17623,16381,29,3461.9409102575455,2.6507195680310036,monsoon,4.73
10964,9000,42,5467.5916083136535,6.946315865597184,winter,1.65
17605,3332,48,6328.250011119428,7.1126699262091355,winter,0.53
7737,3519,45,5945.4540420212115,5.467307050163277,monsoon,0.59
19131,18144,46,4776.463204045996,8.360544290383586,monsoon,3.8
9439,6122,29,4489.634798436203,6.7772662681706555,winter,1.36
5379,4211,19,2399.8389283454053,0.13166766461526702,winter,1.75
11105,6711,6,855.2782136898209,1.2003552670854833,winter,7.85
14188,11326,19,2593.603827446685,5.428133695566547,winter,4.37
13474,6152,5,527.3440768121656,8.05823257647894,monsoon,11.67
12090,4836,30,5417.462004242856,6.044450122952671,summer,0.89
9865,1627,6,771.7571225229245,7.4712144115247705,winter,2.11
13174,2346,9,1438.1168790529814,5.620253092434667,summer,1.63
18468,2880,48,8010.0722505791655,4.383034403954408,summer,0.36
6387,1614,50,6443.640224218673,1.2149813721984082,winter,0.25
10055,2729,42,7386.501662185676,5.06164185120365,summer,0.37
18289,2567,48,7927.957308343368,8.965870661613032,summer,0.32
16891,13834,9,1344.5310235968457,5.072891429006989,summer,10.29
13871,7758,6,646.7470026475331,6.8763111210266565,monsoon,12.0
13645,8217,34,5201.044722372145,5.71915476463385,winter,1.58
16305,2980,40,6969.066606765517,6.9236947937608875,summer,0.43
11147,7553,43,4981.951041933632,5.6686449739044065,monsoon,1.52
19695,5335,38,3975.6406391408304,6.93333900741791,winter,1.34
19954,15550,35,5388.705543037881,6.671421651789782,winter,2.89
13203,12096,42,6060.0218727656165,8.879894449055792,summer,2.0
12710,6504,5,623.0631229446022,0.9516693767466589,monsoon,10.44
14201,2406,40,3987.8787927598114,8.840736117546248,winter,0.6
7730,6257,43,6392.733914306763,5.632164672886083,summer,0.98
19051,13231,43,6943.938864063075,9.113734126899857,summer,1.91
8400,4004,6,871.9243141458245,6.30864042096955,summer,4.59
19751,17952,37,4522.081077899766,1.0934184696018756,monsoon,3.97
7943,7363,5,837.4265439365447,5.185270645893353,summer,8.79
14084,10225,40,4937.38986453472,6.293072543299688,monsoon,2.07
19811,1960,46,8378.159822663205,5.9306687336825465,summer,0.23
19055,15765,47,7075.8462542409015,8.387785631445233,summer,2.23
7831,5830,10,1706.291195014462,2.604835499797511,summer,3.42
16338,13697,41,4187.808573001614,9.920582242944784,monsoon,3.27
16312,13343,12,1545.727716793425,3.5703564478445293,monsoon,8.63
16507,14408,33,3780.2484800831944,0.3114909977697311,monsoon,3.81
11647,10906,49,9767.365027912427,1.9015106619959077,summer,1.12
15687,9256,8,1042.4352517703767,9.522975371224812,winter,8.88
11114,8771,37,4934.299047668521,5.233754047007952,monsoon,1.78
10025,4893,10,1789.6799648069368,3.134507428880484,summer,2.73
16028,9623,42,5821.108718941327,1.623962071112689,monsoon,1.65
8945,1236,36,3722.8779301905547,8.721466338183294,monsoon,0.33
8166,5430,11,1513.9468712193186,8.068370518661418,summer,3.59
14595,4033,23,3170.834791810797,0.32429309234752624,winter,1.27
5923,1951,14,2339.984209289357,9.517328244108006,summer,0.83
14029,9631,5,534.0335880857166,6.562719014704262,winter,18.03
17895,16489,12,1392.4659810241833,5.002921899678584,monsoon,11.84
7935,1765,35,6756.766262797303,0.08541846702105227,summer,0.26
16408,8575,7,890.5449758319019,0.8942473547532059,monsoon,9.63
10864,2838,25,4201.2299374212525,0.40756201643098566,winter,0.68
19828,8183,48,5923.211042718641,0.827449164934545,monsoon,1.38
12246,5371,6,799.6193142704908,2.6711355105126677,winter,6.72
10720,6302,45,6892.918803488509,0.5878774328867953,winter,0.91
14294,7890,40,4127.176692405701,8.183276217956658,winter,1.91
10895,10027,12,1679.0502704172131,6.992022368660375,winter,5.97
17398,14468,49,7395.190091450726,4.890133260868177,winter,1.96
14600,4984,16,1682.3305319388564,6.027554298156138,monsoon,2.96
10756,10235,8,1335.2841540043005,2.980833892266155,winter,7.67
13951,13354,42,6188.777238631655,5.972845963069893,winter,2.16
15869,4609,31,4004.604095738126,2.614688558237467,winter,1.15
10381,8768,45,6409.767616585412,9.338942780177055,winter,1.37
6058,3639,15,1847.6141853333922,6.747767643867811,winter,1.97
17408,1843,32,5462.267168352704,9.933957096804315,summer,0.34
18319,4261,15,1660.968281187068,4.485948319618535,winter,2.57
7164,2537,16,2338.335111153007,2.265463665570061,summer,1.08
5592,3927,10,1315.6492034265398,1.3370818264589024,winter,2.98
17567,8612,47,8477.383654896506,8.246206016160606,summer,1.02
9077,8957,14,2089.531311074601,3.7740019341166295,summer,4.29
15769,5572,17,2750.666705701806,0.027950244078660536,monsoon,2.03
14972,14102,5,635.8557993541723,6.463772572892086,summer,22.18
8948,7522,18,2522.6258018618155,4.069614656089424,winter,2.98
14866,13956,38,5440.652175832555,1.9731975352527797,winter,2.57
5119,1997,18,2668.5345372005795,5.69036432036847,winter,0.75
17951,16496,38,5592.156512049286,0.438075372588973,winter,2.95
12055,8319,8,1205.8460550475193,6.59458715364207,summer,6.9
7585,4275,28,2978.289783893185,1.9154564552985465,monsoon,1.44
14033,2697,15,2077.63881762573,5.797291658766678,winter,1.3
18280,12122,46,4281.747039587679,7.4580353973561255,monsoon,2.83
15989,6069,26,4525.715020441927,6.503699713154059,summer,1.34
18761,10674,28,4697.245592761306,9.208829036420665,summer,2.27
6556,2570,9,1016.3592964445435,2.9446601483793677,monsoon,2.53
17573,12677,39,4532.572233893327,9.698040935791953,monsoon,2.8
19095,16767,34,6162.3601588278,3.2156211670457937,summer,2.72
10281,6558,35,3951.8611491051975,3.1584152937325403,monsoon,1.66
11819,3756,47,6719.758055055404,7.462991221853611,winter,0.56
18545,9626,41,5102.375135470875,5.895172432471803,monsoon,1.89
10782,9941,7,1228.2780677908656,5.3895779796075995,summer,8.09
13168,4436,35,4047.135169895709,3.990496204713032,winter,1.1
12531,5289,38,6124.189529621275,8.092705272981107,summer,0.86
16946,14385,14,2068.1928869238445,4.361201961056317,monsoon,6.96
6611,3639,31,4078.3392025322282,5.389275221639117,winter,0.89
15995,11800,31,3794.833134786091,6.433019060888411,winter,3.11
10831,3193,49,6408.2691506535375,5.924522146020269,monsoon,0.5
8161,5291,25,4016.4819648866574,2.476680776969756,winter,1.32
9500,3865,44,6112.804862049657,3.380740067838887,monsoon,0.63
14116,1087,45,5249.165065604224,4.000927079668118,monsoon,0.21
11662,1728,41,5430.297691947673,4.669207956240725,summer,0.32
6795,3799,18,2287.0804916335996,9.466612188496262,summer,1.66
14517,1710,44,7190.558655341063,2.1228584411830864,winter,0.24
18811,2508,43,6438.372878322057,0.5770501299703856,monsoon,0.39
14645,10205,14,2421.5483241075926,5.367938234041106,summer,4.21
6910,1473,24,3216.6400927390837,6.6836148596533995,summer,0.46
10036,5928,16,2579.359487312508,7.948304301756153,summer,2.3
5230,2010,36,4763.386818558298,5.166320815103359,winter,0.42
18870,14746,23,3892.702514806315,0.45379356725143594,winter,3.79
11530,5462,32,3738.6397846612476,2.912456521271719,winter,1.46
6520,2082,35,6972.090338056603,1.4952022413066368,summer,0.3
6977,6296,45,5391.417660110878,9.986926649936498,summer,1.17
9639,5970,34,4550.915613376799,5.003278578160076,summer,1.31
13041,9617,12,1297.7686153584523,4.513686837041878,monsoon,7.41
14108,10155,14,2508.383997198595,4.406331025108923,summer,4.05
13695,10965,13,2152.02323961499,8.610929724925345,summer,5.1
9951,5297,25,2926.9328400628306,4.54452750674744,monsoon,1.81
19243,1444,42,7012.796547840781,3.2837954939252523,summer,0.21
8957,5667,11,1304.936098747826,1.095049580931745,monsoon,4.34
5523,1764,12,1257.4896902429787,4.530873842959718,monsoon,1.4
12811,1320,16,1875.480500179262,5.904774066304228,monsoon,0.7
5182,3683,38,5733.392825916166,1.2323954350753563,monsoon,0.64
12996,9036,9,1371.5241153066395,0.1864728262653681,winter,6.59
5835,1615,32,4629.5784837103965,3.7718012216523586,monsoon,0.35
13672,1572,43,5718.794058824292,2.7728738472519296,winter,0.27
9078,7454,41,6866.693868472062,2.0263927609968615,winter,1.09
19373,16029,25,2723.5740663174183,8.861869872590258,monsoon,5.89
15372,9482,44,5742.585306041592,6.825849762911638,monsoon,1.65
8427,5538,31,4403.657116702202,8.308553360803371,winter,1.26
15202,2169,21,3647.5635225897336,4.383628987839313,summer,0.59
14293,10137,18,2056.892902174207,7.9476705296837205,winter,4.93
11804,7752,24,4455.697125666149,0.3894145434293661,summer,1.74
17941,11218,17,1696.1017454967982,5.391812207608239,monsoon,6.61
15751,6424,34,4671.586261618421,9.127671007249953,winter,1.38
11429,7919,14,2096.3902004684596,2.447339090996633,winter,3.78
18963,6125,39,3986.8949889978276,7.819797310996902,monsoon,1.54
19378,10729,45,5366.1344209230365,3.134297110766291,winter,2.0
7465,2629,14,2455.860508096891,5.464119180408144,summer,1.07
8723,5878,9,1056.141420135837,0.13701938027672722,monsoon,5.57
11075,4800,45,5735.798438378589,8.204461962324945,monsoon,0.84
19643,3900,35,4424.11814250117,9.449202727911953,monsoon,0.88
12498,8507,25,3395.7128072351293,8.721253724594735,summer,2.51
15825,9030,35,3336.495729006489,6.725010100880441,monsoon,2.71
14962,7913,50,9605.155490564779,5.155888583640719,summer,0.82
19898,2494,8,1247.0798407856914,9.649597764319623,summer,2.0
17438,12482,15,2118.396172438038,0.49769531513054077,monsoon,5.89
17502,10367,19,2581.3191256218975,5.997365535293918,monsoon,4.02
12206,11667,49,6381.4138663275835,6.198222548638342,summer,1.83
8181,3515,50,8611.82989531287,4.340205825048314,summer,0.41
17974,7427,17,2545.754019258339,7.774495287604361,summer,2.92
16132,13858,47,5738.174015118488,4.88034524887988,monsoon,2.42
7528,6178,8,1144.4502814304824,2.4917574096289217,winter,5.4
15194,7262,17,2468.1582486028447,9.685793939357666,summer,2.94
18971,17057,29,3808.3469543279843,4.957505578008718,summer,4.48
16193,12182,24,3540.4007912803986,2.2061776102495676,monsoon,3.44
19700,12891,5,777.2290730146968,4.590232244062845,summer,16.59
14940,10137,20,3387.119604691042,9.355766237607874,summer,2.99
16240,8029,27,5041.434626015791,0.11708752227093777,summer,1.59
17920,13386,8,1217.1685232977204,6.208703679125181,winter,11.0
10904,2428,31,3753.3842466216097,1.2099145810088097,winter,0.65
6940,4158,31,5275.477088872311,6.461820771471324,summer,0.79
8474,1665,34,3784.9288477843747,9.332651023051232,winter,0.44
6105,5868,32,3489.795648198568,8.254012225220556,monsoon,1.68
5537,2075,42,5680.203052294564,5.579884827393967,monsoon,0.37
11102,7353,18,2319.7038463144204,8.203956656925117,monsoon,3.17
18306,3078,44,4621.724891951837,6.488995635380986,monsoon,0.67
10280,9479,45,6388.43338989188,5.703065573005224,winter,1.48
6501,1673,45,5635.487979218019,8.821248666497114,monsoon,0.3
19281,16464,42,5519.470924852978,6.139115198584658,summer,2.98
17961,7513,26,3456.1042705705686,7.0945997386729225,monsoon,2.17
7593,7460,43,5562.941786718207,7.940193495766694,summer,1.34
16296,10004,44,7883.250711338929,8.049506315848236,summer,1.27
17639,11451,22,3008.5489434076376,7.0158753610787254,monsoon,3.81
12412,9328,41,6944.889799755141,6.234532682620588,summer,1.34
16920,7653,49,7511.491161499473,4.576101352703816,summer,1.02
10619,10512,39,5889.178682658655,6.848530572608431,winter,1.78
10164,4810,5,677.1363977307559,3.4109252326997708,monsoon,7.1
13331,7695,23,3565.1664823030987,0.05907785755099981,summer,2.16
13341,5052,20,2143.7330666048288,2.0973082451974756,monsoon,2.36
14694,3770,11,1719.108913955772,3.8272366263229096,winter,2.19
12277,8444,9,1255.706496137511,3.354629185355482,monsoon,6.72
16923,8632,40,6341.492233804956,5.31167428040877,summer,1.36
